{
  "Al Basrah":{
    "Island Suburbs": [-83.80924724314147, 82.84698843797352],
    "Servo":[-136.68042138421552, 23.798162268391643],
    "Lower Fringe":[-141.48320242552498, -4.275656334409381],
    "Al Khora":[-44.130899281632885, -102.84744322267885],
    "Poppy Production":[-44.177128281412294, -70.64754579490443],
    "Druglord":[-58.627123162670166, -48.1893657160512],
    "HWY 6 Compound":[73.36004038081677, 50.184932977749824],
    "VCP":[9.126555655843168, -9.100027979879739],
    "North VCP Ruins":[29.874921268104977, -10.762565369683601],
    "Suburbs":[-97.77449772031636, 39.963972254695676],
    "Guesthouse SOC":[-16.429636308797228, -49.38770714398835],
    "Gas Station":[-88.47867878582217, -7.937171720605735],
    "Ruins":[-12.401887375610887, -106.11244422946596],
    "Mosque":[-65.68660181438585, 40.105406833533],
    "Oasis Park":[-106.00636785430963, -1.2562066941725945],
    "Crossroads":[-79.18376322545717, 27.791135880349156],
    "North Outskirts":[-44.45262977651774, 17.874930436954312]
	}
}